{"cameraMode":{"drawMode":0,"name":"Shaded","section":"Shading Mode"},"sceneLighting":true,"audioPlay":false,"sceneViewState":{"showFog":true,"showMaterialUpdate":false,"showSkybox":true,"showFlares":true,"showImageEffects":true,"showParticleSystems":true},"in2DMode":false,"pivot":{"x":5.623955726623535,"y":-75.88156127929688,"z":58.90049362182617},"rotation":{"x":-0.4644392132759094,"y":0.006111554801464081,"z":-0.003204521955922246,"w":-0.8855781555175781},"size":117.78623962402344,"orthographic":false}