{"cameraMode":{"drawMode":0,"name":"Shaded","section":"Shading Mode"},"sceneLighting":false,"audioPlay":false,"sceneViewState":{"showFog":true,"showMaterialUpdate":false,"showSkybox":true,"showFlares":true,"showImageEffects":true,"showParticleSystems":true},"in2DMode":false,"pivot":{"x":4.288491725921631,"y":-13.878790855407715,"z":12.025429725646973},"rotation":{"x":-0.5072597861289978,"y":-0.4027453660964966,"z":0.289963960647583,"w":-0.7045599222183228},"size":34.83241653442383,"orthographic":false}